{"cameraMode":{"drawMode":0,"name":"Shaded","section":"Shading Mode"},"sceneLighting":false,"audioPlay":false,"sceneViewState":{"m_AlwaysRefresh":false,"showFog":true,"showSkybox":false,"showFlares":true,"showImageEffects":true,"showParticleSystems":true,"showVisualEffectGraphs":true,"m_FxEnabled":true},"in2DMode":false,"pivot":{"x":0.03163790702819824,"y":0.7693221569061279,"z":-0.19712066650390626},"rotation":{"x":0.013939041644334793,"y":-0.7490710616111755,"z":0.015704533085227014,"w":0.6621817946434021},"size":3.689267635345459,"orthographic":false}