{"cameraMode":{"drawMode":0,"name":"Shaded","section":"Shading Mode"},"sceneLighting":false,"audioPlay":false,"sceneViewState":{"m_AlwaysRefresh":false,"showFog":true,"showSkybox":false,"showFlares":true,"showImageEffects":true,"showParticleSystems":true,"showVisualEffectGraphs":true,"m_FxEnabled":true},"in2DMode":false,"pivot":{"x":1.0282461643218995,"y":0.06434911489486695,"z":0.19630971550941468},"rotation":{"x":0.0956939086318016,"y":-0.672141432762146,"z":0.08818681538105011,"w":0.7289215326309204},"size":1.101654052734375,"orthographic":false}