{"cameraMode":{"drawMode":0,"name":"Shaded","section":"Shading Mode"},"sceneLighting":false,"audioPlay":false,"sceneViewState":{"m_AlwaysRefresh":false,"showFog":true,"showSkybox":false,"showFlares":true,"showImageEffects":true,"showParticleSystems":true,"showVisualEffectGraphs":true,"m_FxEnabled":true},"in2DMode":false,"pivot":{"x":0.8606182336807251,"y":-0.0087319016456604,"z":0.683783769607544},"rotation":{"x":-0.10696876049041748,"y":-0.40305617451667788,"z":0.04750053212046623,"w":-0.9076618552207947},"size":2.9868109226226808,"orthographic":false}