{"cameraMode":{"drawMode":0,"name":"Shaded","section":"Shading Mode"},"sceneLighting":false,"audioPlay":false,"sceneViewState":{"m_AlwaysRefresh":false,"showFog":true,"showSkybox":false,"showFlares":true,"showImageEffects":true,"showParticleSystems":true,"showVisualEffectGraphs":true,"m_FxEnabled":true},"in2DMode":false,"pivot":{"x":0.0009889602661132813,"y":0.04199028015136719,"z":0.8312411308288574},"rotation":{"x":-0.12587672472000123,"y":-0.8764255046844482,"z":0.33926963806152346,"w":-0.3250478208065033},"size":25.046764373779298,"orthographic":false}