{"cameraMode":{"drawMode":0,"name":"Shaded","section":"Shading Mode"},"sceneLighting":true,"audioPlay":false,"sceneViewState":{"m_AlwaysRefresh":false,"showFog":true,"showSkybox":true,"showFlares":true,"showImageEffects":true,"showParticleSystems":true,"showVisualEffectGraphs":true,"m_FxEnabled":true},"in2DMode":false,"pivot":{"x":-189.08792114257813,"y":20.518617630004884,"z":-14.852165222167969},"rotation":{"x":0.0052324337884783749,"y":-0.7931435704231262,"z":0.007722420152276754,"w":0.6091867089271545},"size":70.44577026367188,"orthographic":false}