{"cameraMode":{"drawMode":0,"name":"Shaded","section":"Shading Mode"},"sceneLighting":true,"audioPlay":false,"sceneViewState":{"m_AlwaysRefresh":false,"showFog":true,"showSkybox":true,"showFlares":true,"showImageEffects":true,"showParticleSystems":true,"showVisualEffectGraphs":true,"m_FxEnabled":true},"in2DMode":false,"pivot":{"x":-198.8812713623047,"y":159.86221313476563,"z":17.145910263061525},"rotation":{"x":0.09853027760982514,"y":-0.8674449920654297,"z":0.43062737584114077,"w":0.23803845047950746},"size":0.00002058527934423182,"orthographic":false}