{"cameraMode":{"drawMode":0,"name":"Shaded","section":"Shading Mode"},"sceneLighting":true,"audioPlay":false,"sceneViewState":{"m_AlwaysRefresh":false,"showFog":true,"showSkybox":true,"showFlares":true,"showImageEffects":true,"showParticleSystems":true,"showVisualEffectGraphs":true,"m_FxEnabled":true},"in2DMode":false,"pivot":{"x":6.5179524421691898,"y":31.471242904663087,"z":-0.9315059185028076},"rotation":{"x":0.23150870203971864,"y":0.13456562161445619,"z":-0.03166215494275093,"w":0.963103175163269},"size":1.0392297506332398,"orthographic":false}