{"cameraMode":{"drawMode":0,"name":"Shaded","section":"Shading Mode"},"sceneLighting":false,"audioPlay":false,"sceneViewState":{"m_AlwaysRefresh":false,"showFog":true,"showSkybox":false,"showFlares":true,"showImageEffects":true,"showParticleSystems":true,"showVisualEffectGraphs":true,"m_FxEnabled":true},"in2DMode":false,"pivot":{"x":-0.08381938934326172,"y":1.0676639080047608,"z":0.8686378598213196},"rotation":{"x":0.05501803755760193,"y":-0.739719808101654,"z":0.06178300455212593,"w":0.6680151224136353},"size":2.7526278495788576,"orthographic":false}