{"cameraMode":{"drawMode":0,"name":"Shaded","section":"Shading Mode"},"sceneLighting":false,"audioPlay":false,"sceneViewState":{"m_AlwaysRefresh":false,"showFog":true,"showSkybox":false,"showFlares":true,"showImageEffects":true,"showParticleSystems":true,"showVisualEffectGraphs":true,"m_FxEnabled":true},"in2DMode":false,"pivot":{"x":3.725290298461914e-8,"y":0.26952558755874636,"z":-1.1175870895385743e-8},"rotation":{"x":-0.042925041168928149,"y":0.6592072248458862,"z":-0.0698104277253151,"w":-0.7504086494445801},"size":0.29105374217033389,"orthographic":false}