{"cameraMode":{"drawMode":0,"name":"Shaded","section":"Shading Mode"},"sceneLighting":false,"audioPlay":false,"sceneViewState":{"m_AlwaysRefresh":false,"showFog":true,"showSkybox":false,"showFlares":true,"showImageEffects":true,"showParticleSystems":true,"showVisualEffectGraphs":true,"m_FxEnabled":true},"in2DMode":false,"pivot":{"x":16.299999237060548,"y":4.920000076293945,"z":18.450000762939454},"rotation":{"x":-0.14504024386405946,"y":0.058435987681150439,"z":-0.008581375703215599,"w":-0.9876635074615479},"size":4.132050514221191,"orthographic":false}